<?xml version="1.0" encoding="UTF-8"?>
<project-private xmlns="http://www.netbeans.org/ns/project-private/1">
    <editor-bookmarks xmlns="http://www.netbeans.org/ns/editor-bookmarks/2" lastBookmarkId="0"/>
    <open-files xmlns="http://www.netbeans.org/ns/projectui-open-files/2">
        <group>
            <file>file:/C:/Users/sarah/Documents/NetBeansProjects/igreja/src/BR/COM/DAO/ItemDAO.java</file>
            <file>file:/C:/Users/sarah/Documents/NetBeansProjects/igreja/src/BR/COM/VIEW/Frm_pesquisa.java</file>
            <file>file:/C:/Users/sarah/Documents/NetBeansProjects/igreja/src/BR/COM/DAO/CategoriaDAO.java</file>
            <file>file:/C:/Users/sarah/Documents/NetBeansProjects/igreja/src/BR/COM/DTO/CategoriaDTO.java</file>
            <file>file:/C:/Users/sarah/Documents/NetBeansProjects/igreja/src/BR/COM/VIEW/Frm_info.java</file>
            <file>file:/C:/Users/sarah/Documents/NetBeansProjects/igreja/src/BR/COM/VIEW/Frm_categoria.java</file>
        </group>
    </open-files>
</project-private>
